sample_name,group
20241016_ABT001a_100ul_200ug_opt5_ccollect,ABT001
20241016_ABT001b_100ul_200ug_opt5_ccollect,ABT001
20241016_ABT001c_100ul_200ug_opt5_ccollect,ABT001
20241016_ABT003a_100ul_200ug_opt5_ccollect,ABT003
20241016_ABT003b_100ul_200ug_opt5_ccollect,ABT003
20241016_ABT003c_100ul_200ug_opt5_ccollect,ABT003
20241016_ABT01a_100ul_200ug_opt5_ccollect,ABT01
20241016_ABT01b_100ul_200ug_opt5_ccollect,ABT01
20241016_ABT01c_100ul_200ug_opt5_ccollect,ABT01
20241016_ABT03a_100ul_200ug_opt5_ccollect,ABT03
20241016_ABT03b_100ul_200ug_opt5_ccollect,ABT03
20241016_ABT03c_100ul_200ug_opt5_ccollect,ABT03
20241016_ABT0b_100ul_200ug_opt5_ccollect,ABT0
20241016_ABT0c_100ul_200ug_opt5_ccollect,ABT0
20241016_ABT0d_100ul_200ug_opt5_ccollect,ABT0
20241016_ABT1a_100ul_200ug_opt5_ccollect,ABT1
20241016_ABT1b_100ul_200ug_opt5_ccollect,ABT1
20241016_ABT1c_100ul_200ug_opt5_ccollect,ABT1
20241016_ABT3a_100ul_200ug_opt5_ccollect,ABT3
20241016_ABT3b_100ul_200ug_opt5_ccollect,ABT3
20241016_ABT3c_100ul_200ug_opt5_ccollect,ABT3
